"","Gene_symbol","   Genes","Freq"
"1","CTCF","CCCTC-binding factor (zinc finger protein)",2581
"2","T","T, brachyury homolog (mouse)",167
"3","MYC","v-myc myelocytomatosis viral oncogene homolog (avian)",136
"4","IGF2","insulin-like growth factor 2 (somatomedin A)",120
"5","TF","transferrin",98
"6","TAL1","T-cell acute lymphocytic leukemia 1",96
"7","AR","androgen receptor",91
"8","EZH2","enhancer of zeste homolog 2 (Drosophila)",85
"9","YY1","YY1 transcription factor",64
"10","VDR","vitamin D (1,25- dihydroxyvitamin D3) receptor",63
"11","AHR","aryl hydrocarbon receptor",60
"12","CTCFL","CCCTC-binding factor (zinc finger protein)-like",58
"13","STAT3","signal transducer and activator of transcription 3 (acute-phase response factor)",57
"14","TCF21","transcription factor 21",48
"15","DNMT1","DNA (cytosine-5-)-methyltransferase 1",46
"16","ZEB1","zinc finger E-box binding homeobox 1",46
"17","E2F1","E2F transcription factor 1",45
"18","GATA1","GATA binding protein 1 (globin transcription factor 1)",45
"19","CFTR","cystic fibrosis transmembrane conductance regulator (ATP-binding cassette sub-family C, member 7)",43
"20","PCNA","proliferating cell nuclear antigen",42
"21","RUNX1","runt-related transcription factor 1",40
"22","GC","group-specific component (vitamin D binding protein)",39
"23","PARP1","poly (ADP-ribose) polymerase 1",39
"24","MITF","microphthalmia-associated transcription factor",38
"25","SOX2","SRY (sex determining region Y)-box 2",38
"26","ATM","ataxia telangiectasia mutated",37
"27","TCF4","transcription factor 4",37
"28","SIRT1","sirtuin 1",32
"29","PIP","prolactin-induced protein",31
"30","RAD21","RAD21 homolog (S. pombe)",31
"31","NUPR1","nuclear protein, transcriptional regulator, 1",30
"32","TFE3","transcription factor binding to IGHM enhancer 3",30
"33","ZNF143","zinc finger protein 143",30
"34","HDAC3","histone deacetylase 3",28
"35","ILF3","interleukin enhancer binding factor 3, 90kDa",28
"36","NIPBL","Nipped-B homolog (Drosophila)",28
"37","TERT","telomerase reverse transcriptase",28
"38","BDNF","brain-derived neurotrophic factor",27
"39","FOXA1","forkhead box A1",27
"40","ASCL1","achaete-scute complex homolog 1 (Drosophila)",26
"41","CCND1","cyclin D1",26
"42","TCF3","transcription factor 3",26
"43","GATA2","GATA binding protein 2",25
"44","HES1","hairy and enhancer of split 1, (Drosophila)",25
"45","HR","hair growth associated",24
"46","BCL6","B-cell CLL/lymphoma 6",23
"47","DEC1","deleted in esophageal cancer 1",23
"48","EP300","E1A binding protein p300",23
"49","FOXM1","forkhead box M1",23
"50","IRF4","interferon regulatory factor 4",23
"51","SET","SET nuclear oncogene",23
"52","TWIST1","twist basic helix-loop-helix transcription factor 1",23
"53","MLH1","mutL homolog 1, colon cancer, nonpolyposis type 2 (E. coli)",22
"54","NANOG","Nanog homeobox",22
"55","TP53","tumor protein p53",22
"56","CLOCK","clock circadian regulator",21
"57","EGFR","epidermal growth factor receptor",21
"58","EGR1","early growth response 1",21
"59","FOXP3","forkhead box P3",21
"60","TFEB","transcription factor EB",21
"61","MYCN","v-myc myelocytomatosis viral related oncogene, neuroblastoma derived (avian)",20
"62","POU5F1","POU class 5 homeobox 1",20
"63","SOHLH1","spermatogenesis and oogenesis specific basic helix-loop-helix 1",20
"64","AGO2","argonaute RISC catalytic component 2",19
"65","BHLHE40","basic helix-loop-helix family, member e40",19
"66","EPAS1","endothelial PAS domain protein 1",19
"67","FGF21","fibroblast growth factor 21",19
"68","LDB1","LIM domain binding 1",19
"69","AXL","AXL receptor tyrosine kinase",18
"70","CIB1","calcium and integrin binding 1 (calmyrin)",18
"71","HEY1","hairy/enhancer-of-split related with YRPW motif 1",18
"72","HOXA9","homeobox A9",18
"73","KLF4","Kruppel-like factor 4 (gut)",18
"74","LMO2","LIM domain only 2 (rhombotin-like 1)",18
"75","NR2F2","nuclear receptor subfamily 2, group F, member 2",18
"76","SATB1","SATB homeobox 1",18
"77","SRF","serum response factor (c-fos serum response element-binding transcription factor)",18
"78","THAP1","THAP domain containing, apoptosis associated protein 1",18
"79","PC","pyruvate carboxylase",17
"80","SMC3","structural maintenance of chromosomes 3",17
"81","SUZ12","suppressor of zeste 12 homolog (Drosophila)",17
"82","ASH1L","ash1 (absent, small, or homeotic)-like (Drosophila)",16
"83","BRD4","bromodomain containing 4",16
"84","ERG","v-ets erythroblastosis virus E26 oncogene homolog (avian)",16
"85","HDAC1","histone deacetylase 1",16
"86","NHS","Nance-Horan syndrome (congenital cataracts and dental anomalies)",16
"87","TCF12","transcription factor 12",16
"88","WT1","Wilms tumor 1",16
"89","ATOH1","atonal homolog 1 (Drosophila)",15
"90","EBF1","early B-cell factor 1",15
"91","FOXF1","forkhead box F1",15
"92","FOXO1","forkhead box O1",15
"93","HMGB1","high mobility group box 1",15
"94","KIT","v-kit Hardy-Zuckerman 4 feline sarcoma viral oncogene homolog",15
"95","MEF2D","myocyte enhancer factor 2D",15
"96","NPAS4","neuronal PAS domain protein 4",15
"97","RBPJ","recombination signal binding protein for immunoglobulin kappa J region",15
"98","SIM2","single-minded homolog 2 (Drosophila)",15
"99","BCR","breakpoint cluster region",14
"100","CAD","carbamoyl-phosphate synthetase 2, aspartate transcarbamylase, and dihydroorotase",14
"101","ELK3","ELK3, ETS-domain protein (SRF accessory protein 2)",14
"102","ETV5","ets variant 5",14
"103","GLCE","glucuronic acid epimerase",14
"104","GPC3","glypican 3",14
"105","KLF1","Kruppel-like factor 1 (erythroid)",14
"106","MID1","midline 1 (Opitz/BBB syndrome)",14
"107","SENP1","SUMO1/sentrin specific peptidase 1",14
"108","SOHLH2","spermatogenesis and oogenesis specific basic helix-loop-helix 2",14
"109","USF1","upstream transcription factor 1",14
"110","ARNT","aryl hydrocarbon receptor nuclear translocator",13
"111","ATF4","activating transcription factor 4 (tax-responsive enhancer element B67)",13
"112","BCL2","B-cell CLL/lymphoma 2",13
"113","CDX2","caudal type homeobox 2",13
"114","CUX1","cut-like homeobox 1",13
"115","CYP1B1","cytochrome P450, family 1, subfamily B, polypeptide 1",13
"116","DICER1","dicer 1, ribonuclease type III",13
"117","FOXO3","forkhead box O3",13
"118","FXN","frataxin",13
"119","KDM4A","lysine (K)-specific demethylase 4A",13
"120","MEIS1","Meis homeobox 1",13
"121","PITX2","paired-like homeodomain 2",13
"122","PTOV1","prostate tumor overexpressed 1",13
"123","RUNX2","runt-related transcription factor 2",13
"124","TET2","tet methylcytosine dioxygenase 2",13
"125","ATRX","alpha thalassemia/mental retardation syndrome X-linked",12
"126","CD38","CD38 molecule",12
"127","EBF2","early B-cell factor 2",12
"128","FMR1","fragile X mental retardation 1",12
"129","HSF1","heat shock transcription factor 1",12
"130","HTT","huntingtin",12
"131","ID4","inhibitor of DNA binding 4, dominant negative helix-loop-helix protein",12
"132","INSM1","insulinoma-associated 1",12
"133","IRF3","interferon regulatory factor 3",12
"134","MDM2","MDM2 oncogene, E3 ubiquitin protein ligase",12
"135","MSL2","male-specific lethal 2 homolog (Drosophila)",12
"136","MXD1","MAX dimerization protein 1",12
"137","NGB","neuroglobin",12
"138","PNLIP","pancreatic lipase",12
"139","SPRY2","sprouty homolog 2 (Drosophila)",12
"140","STAG2","stromal antigen 2",12
"141","XAF1","XIAP associated factor 1",12
"142","CXCL12","chemokine (C-X-C motif) ligand 12",11
"143","DEK","DEK oncogene",11
"144","DNMT3A","DNA (cytosine-5-)-methyltransferase 3 alpha",11
"145","JARID2","jumonji, AT rich interactive domain 2",11
"146","KLF15","Kruppel-like factor 15",11
"147","MED25","mediator complex subunit 25",11
"148","MUC17","mucin 17, cell surface associated",11
"149","NEUROG2","neurogenin 2",11
"150","PGBD5","piggyBac transposable element derived 5",11
"151","PLK1","polo-like kinase 1",11
"152","PRC1","protein regulator of cytokinesis 1",11
"153","RAD51AP1","RAD51 associated protein 1",11
"154","RB1","retinoblastoma 1",11
"155","SMAD3","SMAD family member 3",11
"156","SPHK1","sphingosine kinase 1",11
"157","VEGFA","vascular endothelial growth factor A",11
"158","VRK1","vaccinia related kinase 1",11
"159","ZFP57","ZFP57 zinc finger protein",11
"160","ATR","ataxia telangiectasia and Rad3 related",10
"161","CBS","cystathionine-beta-synthase",10
"162","CDKN1C","cyclin-dependent kinase inhibitor 1C (p57, Kip2)",10
"163","CGGBP1","CGG triplet repeat binding protein 1",10
"164","COMMD7","COMM domain containing 7",10
"165","CREB1","cAMP responsive element binding protein 1",10
"166","CYP1A1","cytochrome P450, family 1, subfamily A, polypeptide 1",10
"167","DKK1","dickkopf 1 homolog (Xenopus laevis)",10
"168","DMPK","dystrophia myotonica-protein kinase",10
"169","DUSP2","dual specificity phosphatase 2",10
"170","ETV2","ets variant 2",10
"171","HHIP","hedgehog interacting protein",10
"172","HMGA2","high mobility group AT-hook 2",10
"173","ITGA6","integrin, alpha 6",10
"174","JUN","jun proto-oncogene",10
"175","MIIP","migration and invasion inhibitory protein",10
"176","NKX2-1","NK2 homeobox 1",10
"177","NNAT","neuronatin",10
"178","NONO","non-POU domain containing, octamer-binding",10
"179","PEG3","paternally expressed 3",10
"180","PTEN","phosphatase and tensin homolog",10
"181","PTHLH","parathyroid hormone-like hormone",10
"182","RCAN1","regulator of calcineurin 1",10
"183","SIK1","salt-inducible kinase 1",10
"184","SIX1","SIX homeobox 1",10
"185","SOX4","SRY (sex determining region Y)-box 4",10
"186","STAT4","signal transducer and activator of transcription 4",10
"187","TWIST2","twist basic helix-loop-helix transcription factor 2",10
"188","USF2","upstream transcription factor 2, c-fos interacting",10
"189","VHL","von Hippel-Lindau tumor suppressor, E3 ubiquitin protein ligase",10
"190","APC","adenomatous polyposis coli",9
"191","ATOH8","atonal homolog 8 (Drosophila)",9
"192","CLDN1","claudin 1",9
"193","CREBBP","CREB binding protein",9
"194","DLL4","delta-like 4 (Drosophila)",9
"195","FOXK2","forkhead box K2",9
"196","FOXP1","forkhead box P1",9
"197","LHX6","LIM homeobox 6",9
"198","LMO3","LIM domain only 3 (rhombotin-like 2)",9
"199","LRP6","low density lipoprotein receptor-related protein 6",9
"200","MSX1","msh homeobox 1",9
"201","MTOR","mechanistic target of rapamycin (serine/threonine kinase)",9
"202","NEUROD2","neuronal differentiation 2",9
"203","OIP5","Opa interacting protein 5",9
"204","OPRM1","opioid receptor, mu 1",9
"205","PBX3","pre-B-cell leukemia homeobox 3",9
"206","PRDX1","peroxiredoxin 1",9
"207","REST","RE1-silencing transcription factor",9
"208","RFX5","regulatory factor X, 5 (influences HLA class II expression)",9
"209","RHOA","ras homolog family member A",9
"210","SF1","splicing factor 1",9
"211","SHH","sonic hedgehog",9
"212","SOST","sclerostin",9
"213","SP1","Sp1 transcription factor",9
"214","STAT1","signal transducer and activator of transcription 1, 91kDa",9
"215","TFAM","transcription factor A, mitochondrial",9
"216","TGFBR2","transforming growth factor, beta receptor II (70/80kDa)",9
"217","TGIF1","TGFB-induced factor homeobox 1",9
"218","AATK","apoptosis-associated tyrosine kinase",8
"219","ALAS2","aminolevulinate, delta-, synthase 2",8
"220","ANGPTL4","angiopoietin-like 4",8
"221","ARC","activity-regulated cytoskeleton-associated protein",8
"222","BCL10","B-cell CLL/lymphoma 10",8
"223","BCL11B","B-cell CLL/lymphoma 11B (zinc finger protein)",8
"224","BEX2","brain expressed X-linked 2",8
"225","BRD2","bromodomain containing 2",8
"226","CR1","complement component (3b/4b) receptor 1 (Knops blood group)",8
"227","CRY2","cryptochrome 2 (photolyase-like)",8
"228","CTNNB1","catenin (cadherin-associated protein), beta 1, 88kDa",8
"229","CTSS","cathepsin S",8
"230","CXCR4","chemokine (C-X-C motif) receptor 4",8
"231","ELP2","elongator acetyltransferase complex subunit 2",8
"232","ETS1","v-ets erythroblastosis virus E26 oncogene homolog 1 (avian)",8
"233","FXYD5","FXYD domain containing ion transport regulator 5",8
"234","GAD1","glutamate decarboxylase 1 (brain, 67kDa)",8
"235","GRM4","glutamate receptor, metabotropic 4",8
"236","HMGA1","high mobility group AT-hook 1",8
"237","ID2","inhibitor of DNA binding 2, dominant negative helix-loop-helix protein",8
"238","KDM3A","lysine (K)-specific demethylase 3A",8
"239","KLF3","Kruppel-like factor 3 (basic)",8
"240","KRAS","v-Ki-ras2 Kirsten rat sarcoma viral oncogene homolog",8
"241","LEF1","lymphoid enhancer-binding factor 1",8
"242","MAPK1","mitogen-activated protein kinase 1",8
"243","MAX","MYC associated factor X",8
"244","MESP1","mesoderm posterior 1 homolog (mouse)",8
"245","NKX3-1","NK3 homeobox 1",8
"246","NUCKS1","nuclear casein kinase and cyclin-dependent kinase substrate 1",8
"247","OPA1","optic atrophy 1 (autosomal dominant)",8
"248","OTX2","orthodenticle homeobox 2",8
"249","PRDX2","peroxiredoxin 2",8
"250","PTS","6-pyruvoyltetrahydropterin synthase",8
"251","RARRES1","retinoic acid receptor responder (tazarotene induced) 1",8
"252","RNF8","ring finger protein 8, E3 ubiquitin protein ligase",8
"253","SEMA3A","sema domain, immunoglobulin domain (Ig), short basic domain, secreted, (semaphorin) 3A",8
"254","SIRT6","sirtuin 6",8
"255","SMC1A","structural maintenance of chromosomes 1A",8
"256","SOX9","SRY (sex determining region Y)-box 9",8
"257","SYT8","synaptotagmin VIII",8
"258","TNIP1","TNFAIP3 interacting protein 1",8
"259","TRIB2","tribbles homolog 2 (Drosophila)",8
"260","TRIM24","tripartite motif containing 24",8
"261","USP24","ubiquitin specific peptidase 24",8
"262","ZFHX3","zinc finger homeobox 3",8
"263","AKAP6","A kinase (PRKA) anchor protein 6",7
"264","AKR1C3","aldo-keto reductase family 1, member C3",7
"265","AKT1","v-akt murine thymoma viral oncogene homolog 1",7
"266","ASCL2","achaete-scute complex homolog 2 (Drosophila)",7
"267","ATAD2","ATPase family, AAA domain containing 2",7
"268","ATAD5","ATPase family, AAA domain containing 5",7
"269","ATF6","activating transcription factor 6",7
"270","AXIN2","axin 2",7
"271","BMP4","bone morphogenetic protein 4",7
"272","BRCA1","breast cancer 1, early onset",7
"273","CHD5","chromodomain helicase DNA binding protein 5",7
"274","CHD8","chromodomain helicase DNA binding protein 8",7
"275","CIITA","class II, major histocompatibility complex, transactivator",7
"276","COL1A1","collagen, type I, alpha 1",7
"277","COL1A2","collagen, type I, alpha 2",7
"278","CYP21A2","cytochrome P450, family 21, subfamily A, polypeptide 2",7
"279","ENY2","enhancer of yellow 2 homolog (Drosophila)",7
"280","EPS8","epidermal growth factor receptor pathway substrate 8",7
"281","ETV4","ets variant 4",7
"282","F2","coagulation factor II (thrombin)",7
"283","FGFR3","fibroblast growth factor receptor 3",7
"284","GATA3","GATA binding protein 3",7
"285","HAMP","hepcidin antimicrobial peptide",7
"286","HNF4A","hepatocyte nuclear factor 4, alpha",7
"287","ID3","inhibitor of DNA binding 3, dominant negative helix-loop-helix protein",7
"288","IGF1R","insulin-like growth factor 1 receptor",7
"289","INO80","INO80 homolog (S. cerevisiae)",7
"290","INS","insulin",7
"291","KDM4B","lysine (K)-specific demethylase 4B",7
"292","KPNA7","karyopherin alpha 7 (importin alpha 8)",7
"293","LILRB1","leukocyte immunoglobulin-like receptor, subfamily B (with TM and ITIM domains), member 1",7
"294","MEF2C","myocyte enhancer factor 2C",7
"295","MKL1","megakaryoblastic leukemia (translocation) 1",7
"296","MLL","myeloid/lymphoid or mixed-lineage leukemia (trithorax homolog, Drosophila)",7
"297","MSC","musculin",7
"298","MTDH","metadherin",7
"299","MYB","v-myb myeloblastosis viral oncogene homolog (avian)",7
"300","NAB2","NGFI-A binding protein 2 (EGR1 binding protein 2)",7
"301","NFKBIB","nuclear factor of kappa light polypeptide gene enhancer in B-cells inhibitor, beta",7
"302","NUPR1L","nuclear protein, transcriptional regulator, 1-like",7
"303","ORMDL3","ORM1-like 3 (S. cerevisiae)",7
"304","PLAG1","pleiomorphic adenoma gene 1",7
"305","PLD1","phospholipase D1, phosphatidylcholine-specific",7
"306","PML","promyelocytic leukemia",7
"307","POT1","protection of telomeres 1",7
"308","PRDM9","PR domain containing 9",7
"309","PRMT1","protein arginine methyltransferase 1",7
"310","PTGS2","prostaglandin-endoperoxide synthase 2 (prostaglandin G/H synthase and cyclooxygenase)",7
"311","RAD51","RAD51 homolog (S. cerevisiae)",7
"312","RBM38","RNA binding motif protein 38",7
"313","SLBP","stem-loop binding protein",7
"314","SOCS3","suppressor of cytokine signaling 3",7
"315","STS","steroid sulfatase (microsomal), isozyme S",7
"316","TBX2","T-box 2",7
"317","TBX20","T-box 20",7
"318","TG","thyroglobulin",7
"319","TP73","tumor protein p73",7
"320","ABCD2","ATP-binding cassette, sub-family D (ALD), member 2",6
"321","ABI3","ABI family, member 3",6
"322","ADH7","alcohol dehydrogenase 7 (class IV), mu or sigma polypeptide",6
"323","ARID1A","AT rich interactive domain 1A (SWI-like)",6
"324","ASAP2","ArfGAP with SH3 domain, ankyrin repeat and PH domain 2",6
"325","ASS1","argininosuccinate synthase 1",6
"326","BACE1","beta-site APP-cleaving enzyme 1",6
"327","BACH1","BTB and CNC homology 1, basic leucine zipper transcription factor 1",6
"328","BOK","BCL2-related ovarian killer",6
"329","CDH1","cadherin 1, type 1, E-cadherin (epithelial)",6
"330","CDK1","cyclin-dependent kinase 1",6
"331","CDKN1B","cyclin-dependent kinase inhibitor 1B (p27, Kip1)",6
"332","CTR9","Ctr9, Paf1/RNA polymerase II complex component, homolog (S. cerevisiae)",6
"333","DAG1","dystroglycan 1 (dystrophin-associated glycoprotein 1)",6
"334","DCC","deleted in colorectal carcinoma",6
"335","DMC1","DMC1 dosage suppressor of mck1 homolog, meiosis-specific homologous recombination (yeast)",6
"336","DOT1L","DOT1-like, histone H3 methyltransferase (S. cerevisiae)",6
"337","ERBB2","v-erb-b2 erythroblastic leukemia viral oncogene homolog 2, neuro/glioblastoma derived oncogene homolog (avian)",6
"338","FBP1","fructose-1,6-bisphosphatase 1",6
"339","FOS","FBJ murine osteosarcoma viral oncogene homolog",6
"340","GEM","GTP binding protein overexpressed in skeletal muscle",6
"341","GPSM1","G-protein signaling modulator 1",6
"342","HDAC6","histone deacetylase 6",6
"343","HES4","hairy and enhancer of split 4 (Drosophila)",6
"344","HID1","HID1 domain containing",6
"345","HLA-DOA","major histocompatibility complex, class II, DO alpha",6
"346","HNF1B","HNF1 homeobox B",6
"347","HOXA10","homeobox A10",6
"348","ING4","inhibitor of growth family, member 4",6
"349","ISL2","ISL LIM homeobox 2",6
"350","ISX","intestine-specific homeobox",6
"351","ITGB6","integrin, beta 6",6
"352","IVD","isovaleryl-CoA dehydrogenase",6
"353","MBD2","methyl-CpG binding domain protein 2",6
"354","MLL5","myeloid/lymphoid or mixed-lineage leukemia 5 (trithorax homolog, Drosophila)",6
"355","MLX","MLX, MAX dimerization protein",6
"356","NEUROD1","neuronal differentiation 1",6
"357","NEUROG1","neurogenin 1",6
"358","NF1","neurofibromin 1",6
"359","NPAS2","neuronal PAS domain protein 2",6
"360","NSD1","nuclear receptor binding SET domain protein 1",6
"361","PAG1","phosphoprotein associated with glycosphingolipid microdomains 1",6
"362","PAX3","paired box 3",6
"363","PAX5","paired box 5",6
"364","PAX6","paired box 6",6
"365","PGBD3","piggyBac transposable element derived 3",6
"366","PIF1","PIF1 5'-to-3' DNA helicase homolog (S. cerevisiae)",6
"367","PIK3CA","phosphatidylinositol-4,5-bisphosphate 3-kinase, catalytic subunit alpha",6
"368","PLAGL1","pleiomorphic adenoma gene-like 1",6
"369","POMC","proopiomelanocortin",6
"370","RAI1","retinoic acid induced 1",6
"371","RPE","ribulose-5-phosphate-3-epimerase",6
"372","RYBP","RING1 and YY1 binding protein",6
"373","SALL4","sal-like 4 (Drosophila)",6
"374","SETDB2","SET domain, bifurcated 2",6
"375","SIX2","SIX homeobox 2",6
"376","SKIL","SKI-like oncogene",6
"377","SMURF2","SMAD specific E3 ubiquitin protein ligase 2",6
"378","SPI1","spleen focus forming virus (SFFV) proviral integration oncogene spi1",6
"379","SPRTN","SprT-like N-terminal domain",6
"380","STAG3","stromal antigen 3",6
"381","STK31","serine/threonine kinase 31",6
"382","TDRD3","tudor domain containing 3",6
"383","TET1","tet methylcytosine dioxygenase 1",6
"384","TRPS1","trichorhinophalangeal syndrome I",6
"385","YAP1","Yes-associated protein 1",6
"386","YTHDF2","YTH domain family, member 2",6
"387","ZPBP2","zona pellucida binding protein 2",6
"388","AKT2","v-akt murine thymoma viral oncogene homolog 2",5
"389","ANG","angiogenin, ribonuclease, RNase A family, 5",5
"390","ATOH7","atonal homolog 7 (Drosophila)",5
"391","CARM1","coactivator-associated arginine methyltransferase 1",5
"392","CCL11","chemokine (C-C motif) ligand 11",5
"393","CDC7","cell division cycle 7",5
"394","CDK2","cyclin-dependent kinase 2",5
"395","CEBPA","CCAAT/enhancer binding protein (C/EBP), alpha",5
"396","CETP","cholesteryl ester transfer protein, plasma",5
"397","CHD6","chromodomain helicase DNA binding protein 6",5
"398","DCP1A","DCP1 decapping enzyme homolog A (S. cerevisiae)",5
"399","DDX11","DEAD/H (Asp-Glu-Ala-Asp/His) box helicase 11",5
"400","DNMT3B","DNA (cytosine-5-)-methyltransferase 3 beta",5
"401","EGF","epidermal growth factor",5
"402","F9","coagulation factor IX",5
"403","FBXW7","F-box and WD repeat domain containing 7, E3 ubiquitin protein ligase",5
"404","FOXH1","forkhead box H1",5
"405","FRMD6","FERM domain containing 6",5
"406","GREM1","gremlin 1, DAN family BMP antagonist",5
"407","H6PD","hexose-6-phosphate dehydrogenase (glucose 1-dehydrogenase)",5
"408","HAS2","hyaluronan synthase 2",5
"409","HMGN2","high mobility group nucleosomal binding domain 2",5
"410","IDH2","isocitrate dehydrogenase 2 (NADP+), mitochondrial",5
"411","IRF5","interferon regulatory factor 5",5
"412","ITPR1","inositol 1,4,5-trisphosphate receptor, type 1",5
"413","JAK2","Janus kinase 2",5
"414","KAT2A","K(lysine) acetyltransferase 2A",5
"415","KIF4A","kinesin family member 4A",5
"416","MSMP","microseminoprotein, prostate associated",5
"417","MTHFR","methylenetetrahydrofolate reductase (NAD(P)H)",5
"418","MUC2","mucin 2, oligomeric mucus/gel-forming",5
"419","NOTCH1","notch 1",5
"420","NPM1","nucleophosmin (nucleolar phosphoprotein B23, numatrin)",5
"421","NRL","neural retina leucine zipper",5
"422","OLIG2","oligodendrocyte lineage transcription factor 2",5
"423","PINK1","PTEN induced putative kinase 1",5
"424","PNPLA3","patatin-like phospholipase domain containing 3",5
"425","POU2F3","POU class 2 homeobox 3",5
"426","PRDM13","PR domain containing 13",5
"427","PSMD10","proteasome (prosome, macropain) 26S subunit, non-ATPase, 10",5
"428","RAG1","recombination activating gene 1",5
"429","RELA","v-rel reticuloendotheliosis viral oncogene homolog A (avian)",5
"430","SBSN","suprabasin",5
"431","SERPINB3","serpin peptidase inhibitor, clade B (ovalbumin), member 3",5
"432","SLC11A1","solute carrier family 11 (proton-coupled divalent metal ion transporters), member 1",5
"433","SMAD4","SMAD family member 4",5
"434","SMURF1","SMAD specific E3 ubiquitin protein ligase 1",5
"435","SORBS2","sorbin and SH3 domain containing 2",5
"436","SOX3","SRY (sex determining region Y)-box 3",5
"437","TAS2R8","taste receptor, type 2, member 8",5
"438","TFAP2C","transcription factor AP-2 gamma (activating enhancer binding protein 2 gamma)",5
"439","TGFB1","transforming growth factor, beta 1",5
"440","TH","tyrosine hydroxylase",5
"441","TLE3","transducin-like enhancer of split 3 (E(sp1) homolog, Drosophila)",5
"442","TMEM106B","transmembrane protein 106B",5
"443","TRIB3","tribbles homolog 3 (Drosophila)",5
"444","TUBB3","tubulin, beta 3 class III",5
"445","U2AF2","U2 small nuclear RNA auxiliary factor 2",5
"446","USP37","ubiquitin specific peptidase 37",5
"447","ADAM17","ADAM metallopeptidase domain 17",4
"448","AGT","angiotensinogen (serpin peptidase inhibitor, clade A, member 8)",4
"449","ANO1","anoctamin 1, calcium activated chloride channel",4
"450","ANXA2","annexin A2",4
"451","ATF2","activating transcription factor 2",4
"452","BCL3","B-cell CLL/lymphoma 3",4
"453","BCL11A","B-cell CLL/lymphoma 11A (zinc finger protein)",4
"454","BCOR","BCL6 corepressor",4
"455","BLM","Bloom syndrome, RecQ helicase-like",4
"456","BMPR2","bone morphogenetic protein receptor, type II (serine/threonine kinase)",4
"457","CBX3","chromobox homolog 3",4
"458","CCR6","chemokine (C-C motif) receptor 6",4
"459","CCS","copper chaperone for superoxide dismutase",4
"460","CD44","CD44 molecule (Indian blood group)",4
"461","CDC42","cell division cycle 42",4
"462","CGA","glycoprotein hormones, alpha polypeptide",4
"463","COL2A1","collagen, type II, alpha 1",4
"464","COL11A1","collagen, type XI, alpha 1",4
"465","CP","ceruloplasmin (ferroxidase)",4
"466","CS","citrate synthase",4
"467","DAZL","deleted in azoospermia-like",4
"468","DDX43","DEAD (Asp-Glu-Ala-Asp) box polypeptide 43",4
"469","DIRAS3","DIRAS family, GTP-binding RAS-like 3",4
"470","DMD","dystrophin",4
"471","DNAJB6","DnaJ (Hsp40) homolog, subfamily B, member 6",4
"472","EED","embryonic ectoderm development",4
"473","ELF3","E74-like factor 3 (ets domain transcription factor, epithelial-specific )",4
"474","ESCO2","establishment of cohesion 1 homolog 2 (S. cerevisiae)",4
"475","FGF2","fibroblast growth factor 2 (basic)",4
"476","FLI1","Friend leukemia virus integration 1",4
"477","FLT3","fms-related tyrosine kinase 3",4
"478","FOLR1","folate receptor 1 (adult)",4
"479","GAA","glucosidase, alpha; acid",4
"480","GFI1B","growth factor independent 1B transcription repressor",4
"481","HEY2","hairy/enhancer-of-split related with YRPW motif 2",4
"482","HIPK2","homeodomain interacting protein kinase 2",4
"483","HOXA13","homeobox A13",4
"484","IGFBP4","insulin-like growth factor binding protein 4",4
"485","IGH","immunoglobulin heavy locus",4
"486","IL6","interleukin 6 (interferon, beta 2)",4
"487","ILK","integrin-linked kinase",4
"488","KLF6","Kruppel-like factor 6",4
"489","MAGEA1","melanoma antigen family A, 1 (directs expression of antigen MZ2-E)",4
"490","MEST","mesoderm specific transcript",4
"491","MPG","N-methylpurine-DNA glycosylase",4
"492","MPL","myeloproliferative leukemia virus oncogene",4
"493","MYSM1","Myb-like, SWIRM and MPN domains 1",4
"494","NEK6","NIMA-related kinase 6",4
"495","NFIA","nuclear factor I/A",4
"496","NKX2-2","NK2 homeobox 2",4
"497","NPR1","natriuretic peptide receptor A/guanylate cyclase A (atrionatriuretic peptide receptor A)",4
"498","NUP153","nucleoporin 153kDa",4
"499","P2RX7","purinergic receptor P2X, ligand-gated ion channel, 7",4
"500","PEAR1","platelet endothelial aggregation receptor 1",4
"501","PKNOX1","PBX/knotted 1 homeobox 1",4
"502","PLAU","plasminogen activator, urokinase",4
"503","PLCB1","phospholipase C, beta 1 (phosphoinositide-specific)",4
"504","PPARD","peroxisome proliferator-activated receptor delta",4
"505","PRKAR2B","protein kinase, cAMP-dependent, regulatory, type II, beta",4
"506","PTPRG","protein tyrosine phosphatase, receptor type, G",4
"507","QKI","QKI, KH domain containing, RNA binding",4
"508","REC8","REC8 homolog (yeast)",4
"509","RPL22","ribosomal protein L22",4
"510","SDHD","succinate dehydrogenase complex, subunit D, integral membrane protein",4
"511","SETD1B","SET domain containing 1B",4
"512","SETDB1","SET domain, bifurcated 1",4
"513","SIN3A","SIN3 transcription regulator homolog A (yeast)",4
"514","SRCAP","Snf2-related CREBBP activator protein",4
"515","TAF3","TAF3 RNA polymerase II, TATA box binding protein (TBP)-associated factor, 140kDa",4
"516","TEAD1","TEA domain family member 1 (SV40 transcriptional enhancer factor)",4
"517","TMPRSS2","transmembrane protease, serine 2",4
"518","TNF","tumor necrosis factor",4
"519","TOP2B","topoisomerase (DNA) II beta 180kDa",4
"520","TPP1","tripeptidyl peptidase I",4
"521","TRIM33","tripartite motif containing 33",4
"522","TRIM65","tripartite motif containing 65",4
"523","TXNIP","thioredoxin interacting protein",4
"524","UPF1","UPF1 regulator of nonsense transcripts homolog (yeast)",4
"525","ZNF148","zinc finger protein 148",4
"526","ABCD1","ATP-binding cassette, sub-family D (ALD), member 1",3
"527","ABCG2","ATP-binding cassette, sub-family G (WHITE), member 2",3
"528","ADAM10","ADAM metallopeptidase domain 10",3
"529","ARF5","ADP-ribosylation factor 5",3
"530","ASXL1","additional sex combs like 1 (Drosophila)",3
"531","ATP1B1","ATPase, Na+/K+ transporting, beta 1 polypeptide",3
"532","ATXN1","ataxin 1",3
"533","BATF","basic leucine zipper transcription factor, ATF-like",3
"534","BCAR1","breast cancer anti-estrogen resistance 1",3
"535","CASZ1","castor zinc finger 1",3
"536","CD4","CD4 molecule",3
"537","CDKN2B","cyclin-dependent kinase inhibitor 2B (p15, inhibits CDK4)",3
"538","CDYL","chromodomain protein, Y-like",3
"539","CFP","complement factor properdin",3
"540","CHD3","chromodomain helicase DNA binding protein 3",3
"541","CNR1","cannabinoid receptor 1 (brain)",3
"542","CSF1R","colony stimulating factor 1 receptor",3
"543","CTGF","connective tissue growth factor",3
"544","CXCL1","chemokine (C-X-C motif) ligand 1 (melanoma growth stimulating activity, alpha)",3
"545","CXCL6","chemokine (C-X-C motif) ligand 6",3
"546","DAXX","death-domain associated protein",3
"547","DBF4","DBF4 homolog (S. cerevisiae)",3
"548","DRD4","dopamine receptor D4",3
"549","E2F2","E2F transcription factor 2",3
"550","E2F4","E2F transcription factor 4, p107/p130-binding",3
"551","EHF","ets homologous factor",3
"552","EHMT1","euchromatic histone-lysine N-methyltransferase 1",3
"553","ELAVL1","ELAV (embryonic lethal, abnormal vision, Drosophila)-like 1 (Hu antigen R)",3
"554","ELK1","ELK1, member of ETS oncogene family",3
"555","EPO","erythropoietin",3
"556","ERBB3","v-erb-b2 erythroblastic leukemia viral oncogene homolog 3 (avian)",3
"557","ETV1","ets variant 1",3
"558","FGF19","fibroblast growth factor 19",3
"559","FGFR2","fibroblast growth factor receptor 2",3
"560","FHL1","four and a half LIM domains 1",3
"561","FSTL1","follistatin-like 1",3
"562","GABPA","GA binding protein transcription factor, alpha subunit 60kDa",3
"563","GALNT14","UDP-N-acetyl-alpha-D-galactosamine:polypeptide N-acetylgalactosaminyltransferase 14 (GalNAc-T14)",3
"564","GCM1","glial cells missing homolog 1 (Drosophila)",3
"565","GFAP","glial fibrillary acidic protein",3
"566","GFI1","growth factor independent 1 transcription repressor",3
"567","GNAS","GNAS complex locus",3
"568","GSDMA","gasdermin A",3
"569","H3F3A","H3 histone, family 3A",3
"570","HDGF","hepatoma-derived growth factor",3
"571","HEYL","hairy/enhancer-of-split related with YRPW motif-like",3
"572","HGF","hepatocyte growth factor (hepapoietin A; scatter factor)",3
"573","HIST1H1E","histone cluster 1, H1e",3
"574","HJURP","Holliday junction recognition protein",3
"575","HLA-DQA1","major histocompatibility complex, class II, DQ alpha 1",3
"576","HLA-DRB1","major histocompatibility complex, class II, DR beta 1",3
"577","HNRNPU","heterogeneous nuclear ribonucleoprotein U (scaffold attachment factor A)",3
"578","HOXA1","homeobox A1",3
"579","HSF2","heat shock transcription factor 2",3
"580","ID1","inhibitor of DNA binding 1, dominant negative helix-loop-helix protein",3
"581","IDH1","isocitrate dehydrogenase 1 (NADP+), soluble",3
"582","IFITM3","interferon induced transmembrane protein 3",3
"583","IGF2BP1","insulin-like growth factor 2 mRNA binding protein 1",3
"584","IRF1","interferon regulatory factor 1",3
"585","ITGB4","integrin, beta 4",3
"586","KCNK9","potassium channel, subfamily K, member 9",3
"587","KISS1","KiSS-1 metastasis-suppressor",3
"588","KY","kyphoscoliosis peptidase",3
"589","LAT","linker for activation of T cells",3
"590","LYL1","lymphoblastic leukemia derived sequence 1",3
"591","MAF","v-maf musculoaponeurotic fibrosarcoma oncogene homolog (avian)",3
"592","MAPK3","mitogen-activated protein kinase 3",3
"593","MARCO","macrophage receptor with collagenous structure",3
"594","MEN1","multiple endocrine neoplasia I",3
"595","MET","met proto-oncogene (hepatocyte growth factor receptor)",3
"596","MSI1","musashi RNA-binding protein 1",3
"597","MTA1","metastasis associated 1",3
"598","MTF1","metal-regulatory transcription factor 1",3
"599","MUC5AC","mucin 5AC, oligomeric mucus/gel-forming",3
"600","MYOCD","myocardin",3
"601","MYOD1","myogenic differentiation 1",3
"602","NCAM1","neural cell adhesion molecule 1",3
"603","NFIB","nuclear factor I/B",3
"604","NID1","nidogen 1",3
"605","NKX2-5","NK2 homeobox 5",3
"606","NPRL3","nitrogen permease regulator-like 3 (S. cerevisiae)",3
"607","NRAS","neuroblastoma RAS viral (v-ras) oncogene homolog",3
"608","OCA2","oculocutaneous albinism II",3
"609","PAK1","p21 protein (Cdc42/Rac)-activated kinase 1",3
"610","PAX8","paired box 8",3
"611","PCGF3","polycomb group ring finger 3",3
"612","PCGF6","polycomb group ring finger 6",3
"613","PDGFRA","platelet-derived growth factor receptor, alpha polypeptide",3
"614","PHLDA2","pleckstrin homology-like domain, family A, member 2",3
"615","PITX1","paired-like homeodomain 1",3
"616","RAB3B","RAB3B, member RAS oncogene family",3
"617","RASGRF1","Ras protein-specific guanine nucleotide-releasing factor 1",3
"618","REN","renin",3
"619","RICTOR","RPTOR independent companion of MTOR, complex 2",3
"620","RNASE4","ribonuclease, RNase A family, 4",3
"621","RNF20","ring finger protein 20, E3 ubiquitin protein ligase",3
"622","SKAP2","src kinase associated phosphoprotein 2",3
"623","SMC2","structural maintenance of chromosomes 2",3
"624","SOCS1","suppressor of cytokine signaling 1",3
"625","SOX13","SRY (sex determining region Y)-box 13",3
"626","SPO11","SPO11 meiotic protein covalently bound to DSB homolog (S. cerevisiae)",3
"627","STAT6","signal transducer and activator of transcription 6, interleukin-4 induced",3
"628","STRA8","stimulated by retinoic acid 8",3
"629","TBP","TATA box binding protein",3
"630","TPR","translocated promoter region, nuclear basket protein",3
"631","TRAF6","TNF receptor-associated factor 6, E3 ubiquitin protein ligase",3
"632","TRANK1","tetratricopeptide repeat and ankyrin repeat containing 1",3
"633","TRRAP","transformation/transcription domain-associated protein",3
"634","UNG","uracil-DNA glycosylase",3
"635","USP22","ubiquitin specific peptidase 22",3
"636","WHSC1","Wolf-Hirschhorn syndrome candidate 1",3
"637","XBP1","X-box binding protein 1",3
"638","ACTN4","actinin, alpha 4",2
"639","AGO1","argonaute RISC catalytic component 1",2
"640","ALK","anaplastic lymphoma receptor tyrosine kinase",2
"641","ANKLE1","ankyrin repeat and LEM domain containing 1",2
"642","ANXA1","annexin A1",2
"643","APIP","APAF1 interacting protein",2
"644","ARG2","arginase, type II",2
"645","ARID5B","AT rich interactive domain 5B (MRF1-like)",2
"646","ASXL2","additional sex combs like 2 (Drosophila)",2
"647","ATF3","activating transcription factor 3",2
"648","BACH2","BTB and CNC homology 1, basic leucine zipper transcription factor 2",2
"649","BECN1","beclin 1, autophagy related",2
"650","BIRC3","baculoviral IAP repeat containing 3",2
"651","BMI1","BMI1 polycomb ring finger oncogene",2
"652","BRAF","v-raf murine sarcoma viral oncogene homolog B1",2
"653","BRCA2","breast cancer 2, early onset",2
"654","BRCC3","BRCA1/BRCA2-containing complex, subunit 3",2
"655","BRE","brain and reproductive organ-expressed (TNFRSF1A modulator)",2
"656","BUB1","BUB1 mitotic checkpoint serine/threonine kinase",2
"657","C3","complement component 3",2
"658","CBL","Cbl proto-oncogene, E3 ubiquitin protein ligase",2
"659","CD40","CD40 molecule, TNF receptor superfamily member 5",2
"660","CD68","CD68 molecule",2
"661","CDH3","cadherin 3, type 1, P-cadherin (placental)",2
"662","CDK6","cyclin-dependent kinase 6",2
"663","CDK9","cyclin-dependent kinase 9",2
"664","CHD4","chromodomain helicase DNA binding protein 4",2
"665","CHD7","chromodomain helicase DNA binding protein 7",2
"666","COMT","catechol-O-methyltransferase",2
"667","CPS1","carbamoyl-phosphate synthase 1, mitochondrial",2
"668","CYP2A7","cytochrome P450, family 2, subfamily A, polypeptide 7",2
"669","CYP2D6","cytochrome P450, family 2, subfamily D, polypeptide 6",2
"670","DLX2","distal-less homeobox 2",2
"671","DPF3","D4, zinc and double PHD fingers, family 3",2
"672","ESCO1","establishment of cohesion 1 homolog 1 (S. cerevisiae)",2
"673","ESR1","estrogen receptor 1",2
"674","F3","coagulation factor III (thromboplastin, tissue factor)",2
"675","FASN","fatty acid synthase",2
"676","FAT1","FAT tumor suppressor homolog 1 (Drosophila)",2
"677","FGF4","fibroblast growth factor 4",2
"678","FN1","fibronectin 1",2
"679","FOXA2","forkhead box A2",2
"680","GATA4","GATA binding protein 4",2
"681","GLI1","GLI family zinc finger 1",2
"682","GLI3","GLI family zinc finger 3",2
"683","GPR133","G protein-coupled receptor 133",2
"684","GSC","goosecoid homeobox",2
"685","HBEGF","heparin-binding EGF-like growth factor",2
"686","HDAC2","histone deacetylase 2",2
"687","HELZ","helicase with zinc finger",2
"688","HIF1A","hypoxia inducible factor 1, alpha subunit (basic helix-loop-helix transcription factor)",2
"689","HMGN1","high mobility group nucleosome binding domain 1",2
"690","HORMAD1","HORMA domain containing 1",2
"691","HS6ST2","heparan sulfate 6-O-sulfotransferase 2",2
"692","IGF1","insulin-like growth factor 1 (somatomedin C)",2
"693","IHH","indian hedgehog",2
"694","IL2RA","interleukin 2 receptor, alpha",2
"695","IL6R","interleukin 6 receptor",2
"696","IL17RB","interleukin 17 receptor B",2
"697","INO80E","INO80 complex subunit E",2
"698","IPO13","importin 13",2
"699","IRF7","interferon regulatory factor 7",2
"700","JUND","jun D proto-oncogene",2
"701","KANSL1","KAT8 regulatory NSL complex subunit 1",2
"702","KCND3","potassium voltage-gated channel, Shal-related subfamily, member 3",2
"703","KLF2","Kruppel-like factor 2 (lung)",2
"704","KLF9","Kruppel-like factor 9",2
"705","LEP","leptin",2
"706","LIFR","leukemia inhibitory factor receptor alpha",2
"707","LMO4","LIM domain only 4",2
"708","LTB","lymphotoxin beta (TNF superfamily, member 3)",2
"709","MAL","mal, T-cell differentiation protein",2
"710","MB","myoglobin",2
"711","MC2R","melanocortin 2 receptor (adrenocorticotropic hormone)",2
"712","MED23","mediator complex subunit 23",2
"713","MIA","melanoma inhibitory activity",2
"714","MMP1","matrix metallopeptidase 1 (interstitial collagenase)",2
"715","MMP7","matrix metallopeptidase 7 (matrilysin, uterine)",2
"716","MT2A","metallothionein 2A",2
"717","MUC1","mucin 1, cell surface associated",2
"718","MUC6","mucin 6, oligomeric mucus/gel-forming",2
"719","NAMPT","nicotinamide phosphoribosyltransferase",2
"720","NCOR1","nuclear receptor corepressor 1",2
"721","NEK2","NIMA-related kinase 2",2
"722","NFIC","nuclear factor I/C (CCAAT-binding transcription factor)",2
"723","NFKB1","nuclear factor of kappa light polypeptide gene enhancer in B-cells 1",2
"724","NPPB","natriuretic peptide B",2
"725","NR3C1","nuclear receptor subfamily 3, group C, member 1 (glucocorticoid receptor)",2
"726","NTS","neurotensin",2
"727","OTOP2","otopetrin 2",2
"728","PAF1","Paf1, RNA polymerase II associated factor, homolog (S. cerevisiae)",2
"729","PARG","poly (ADP-ribose) glycohydrolase",2
"730","PCGF2","polycomb group ring finger 2",2
"731","PCYT1A","phosphate cytidylyltransferase 1, choline, alpha",2
"732","PDHA1","pyruvate dehydrogenase (lipoamide) alpha 1",2
"733","PDZK1","PDZ domain containing 1",2
"734","PHF1","PHD finger protein 1",2
"735","PIK3C2A","phosphatidylinositol-4-phosphate 3-kinase, catalytic subunit type 2 alpha",2
"736","PLCB4","phospholipase C, beta 4",2
"737","PLD2","phospholipase D2",2
"738","POLE","polymerase (DNA directed), epsilon, catalytic subunit",2
"739","POU4F3","POU class 4 homeobox 3",2
"740","PPP2R1A","protein phosphatase 2, regulatory subunit A, alpha",2
"741","PREX1","phosphatidylinositol-3,4,5-trisphosphate-dependent Rac exchange factor 1",2
"742","PROX1","prospero homeobox 1",2
"743","PTCH1","patched 1",2
"744","PTH","parathyroid hormone",2
"745","RAC2","ras-related C3 botulinum toxin substrate 2 (rho family, small GTP binding protein Rac2)",2
"746","RARG","retinoic acid receptor, gamma",2
"747","RGL1","ral guanine nucleotide dissociation stimulator-like 1",2
"748","ROR1","receptor tyrosine kinase-like orphan receptor 1",2
"749","RPTOR","regulatory associated protein of MTOR, complex 1",2
"750","RREB1","ras responsive element binding protein 1",2
"751","SCO2","SCO2 cytochrome c oxidase assembly protein",2
"752","SELL","selectin L",2
"753","SIX5","SIX homeobox 5",2
"754","SLC2A1","solute carrier family 2 (facilitated glucose transporter), member 1",2
"755","SLC6A4","solute carrier family 6 (neurotransmitter transporter, serotonin), member 4",2
"756","SMARCAL1","SWI/SNF related, matrix associated, actin dependent regulator of chromatin, subfamily a-like 1",2
"757","SMYD1","SET and MYND domain containing 1",2
"758","SNAI2","snail homolog 2 (Drosophila)",2
"759","SNRPN","small nuclear ribonucleoprotein polypeptide N",2
"760","SOX17","SRY (sex determining region Y)-box 17",2
"761","SOX18","SRY (sex determining region Y)-box 18",2
"762","SRSF2","serine/arginine-rich splicing factor 2",2
"763","SSB","Sjogren syndrome antigen B (autoantigen La)",2
"764","STAG1","stromal antigen 1",2
"765","STIL","SCL/TAL1 interrupting locus",2
"766","SULT1E1","sulfotransferase family 1E, estrogen-preferring, member 1",2
"767","SUV39H1","suppressor of variegation 3-9 homolog 1 (Drosophila)",2
"768","SUV39H2","suppressor of variegation 3-9 homolog 2 (Drosophila)",2
"769","SYCP3","synaptonemal complex protein 3",2
"770","TAF1","TAF1 RNA polymerase II, TATA box binding protein (TBP)-associated factor, 250kDa",2
"771","TCF7L2","transcription factor 7-like 2 (T-cell specific, HMG-box)",2
"772","TET3","tet methylcytosine dioxygenase 3",2
"773","TFAP2A","transcription factor AP-2 alpha (activating enhancer binding protein 2 alpha)",2
"774","TFPT","TCF3 (E2A) fusion partner (in childhood Leukemia)",2
"775","TLX1","T-cell leukemia homeobox 1",2
"776","TNPO3","transportin 3",2
"777","TOR1A","torsin family 1, member A (torsin A)",2
"778","TTF1","transcription termination factor, RNA polymerase I",2
"779","VEZF1","vascular endothelial zinc finger 1",2
"780","VIM","vimentin",2
"781","VPS11","vacuolar protein sorting 11 homolog (S. cerevisiae)",2
"782","VPS18","vacuolar protein sorting 18 homolog (S. cerevisiae)",2
"783","WDR5","WD repeat domain 5",2
"784","WEE1","WEE1 homolog (S. pombe)",2
"785","ZAP70","zeta-chain (TCR) associated protein kinase 70kDa",2
"786","ZEB2","zinc finger E-box binding homeobox 2",2
"787","ZNF217","zinc finger protein 217",2
"788","ZNF263","zinc finger protein 263",2
"789","ZNF404","zinc finger protein 404",2
"790","ZRSR2","zinc finger (CCCH type), RNA-binding motif and serine/arginine rich 2",2
"791","ABCA1","ATP-binding cassette, sub-family A (ABC1), member 1",1
"792","ABCC9","ATP-binding cassette, sub-family C (CFTR/MRP), member 9",1
"793","ABCF2","ATP-binding cassette, sub-family F (GCN20), member 2",1
"794","ABCG1","ATP-binding cassette, sub-family G (WHITE), member 1",1
"795","ABLIM3","actin binding LIM protein family, member 3",1
"796","ACD","adrenocortical dysplasia homolog (mouse)",1
"797","ACLY","ATP citrate lyase",1
"798","ACTB","actin, beta",1
"799","ADH1C","alcohol dehydrogenase 1C (class I), gamma polypeptide",1
"800","AFF4","AF4/FMR2 family, member 4",1
"801","AFM","afamin",1
"802","AHRR","aryl-hydrocarbon receptor repressor",1
"803","AJUBA","ajuba LIM protein",1
"804","ALOX5","arachidonate 5-lipoxygenase",1
"805","AMH","anti-Mullerian hormone",1
"806","ANK1","ankyrin 1, erythrocytic",1
"807","ANKRD11","ankyrin repeat domain 11",1
"808","APAF1","apoptotic peptidase activating factor 1",1
"809","APCDD1L","adenomatosis polyposis coli down-regulated 1-like",1
"810","APOB","apolipoprotein B (including Ag(x) antigen)",1
"811","APOBEC3B","apolipoprotein B mRNA editing enzyme, catalytic polypeptide-like 3B",1
"812","ARF1","ADP-ribosylation factor 1",1
"813","ARHGAP1","Rho GTPase activating protein 1",1
"814","ARHGAP35","Rho GTPase activating protein 35",1
"815","ARNTL","aryl hydrocarbon receptor nuclear translocator-like",1
"816","ARRB1","arrestin, beta 1",1
"817","ATF7IP","activating transcription factor 7 interacting protein",1
"818","AXIN1","axin 1",1
"819","BAX","BCL2-associated X protein",1
"820","BAZ2A","bromodomain adjacent to zinc finger domain, 2A",1
"821","BCL2L11","BCL2-like 11 (apoptosis facilitator)",1
"822","BCL7A","B-cell CLL/lymphoma 7A",1
"823","BCLAF1","BCL2-associated transcription factor 1",1
"824","BDP1","B double prime 1, subunit of RNA polymerase III transcription initiation factor IIIB",1
"825","BEX1","brain expressed, X-linked 1",1
"826","BGN","biglycan",1
"827","BHLHE41","basic helix-loop-helix family, member e41",1
"828","BIK","BCL2-interacting killer (apoptosis-inducing)",1
"829","BIN1","bridging integrator 1",1
"830","BIRC5","baculoviral IAP repeat containing 5",1
"831","BLCAP","bladder cancer associated protein",1
"832","BLK","B lymphoid tyrosine kinase",1
"833","BMP3","bone morphogenetic protein 3",1
"834","BOC","BOC cell adhesion associated, oncogene regulated",1
"835","BRD9","bromodomain containing 9",1
"836","BRDT","bromodomain, testis-specific",1
"837","C1orf43","chromosome 1 open reading frame 43",1
"838","C2","complement component 2",1
"839","C2orf76","chromosome 2 open reading frame 76",1
"840","C3orf27","chromosome 3 open reading frame 27",1
"841","CA1","carbonic anhydrase I",1
"842","CA5A","carbonic anhydrase VA, mitochondrial",1
"843","CACFD1","calcium channel flower domain containing 1",1
"844","CASP4","caspase 4, apoptosis-related cysteine peptidase",1
"845","CASP9","caspase 9, apoptosis-related cysteine peptidase",1
"846","CAT","catalase",1
"847","CBX7","chromobox homolog 7",1
"848","CBX8","chromobox homolog 8",1
"849","CCL2","chemokine (C-C motif) ligand 2",1
"850","CCL5","chemokine (C-C motif) ligand 5",1
"851","CCL22","chemokine (C-C motif) ligand 22",1
"852","CCNF","cyclin F",1
"853","CCR4","chemokine (C-C motif) receptor 4",1
"854","CCR7","chemokine (C-C motif) receptor 7",1
"855","CD34","CD34 molecule",1
"856","CD36","CD36 molecule (thrombospondin receptor)",1
"857","CD86","CD86 molecule",1
"858","CD97","CD97 molecule",1
"859","CD163","CD163 molecule",1
"860","CDC6","cell division cycle 6",1
"861","CDC45","cell division cycle 45",1
"862","CDC73","cell division cycle 73",1
"863","CDH9","cadherin 9, type 2 (T1-cadherin)",1
"864","CDH19","cadherin 19, type 2",1
"865","CDK4","cyclin-dependent kinase 4",1
"866","CDK5","cyclin-dependent kinase 5",1
"867","CDK8","cyclin-dependent kinase 8",1
"868","CDKN2C","cyclin-dependent kinase inhibitor 2C (p18, inhibits CDK4)",1
"869","CEBPB","CCAAT/enhancer binding protein (C/EBP), beta",1
"870","CELF1","CUGBP, Elav-like family member 1",1
"871","CHAF1B","chromatin assembly factor 1, subunit B (p60)",1
"872","CHD1","chromodomain helicase DNA binding protein 1",1
"873","CHKA","choline kinase alpha",1
"874","CHPT1","choline phosphotransferase 1",1
"875","CHRNA7","cholinergic receptor, nicotinic, alpha 7 (neuronal)",1
"876","CIB2","calcium and integrin binding family member 2",1
"877","CIB4","calcium and integrin binding family member 4",1
"878","CIC","capicua transcriptional repressor",1
"879","CITED2","Cbp/p300-interacting transactivator, with Glu/Asp-rich carboxy-terminal domain, 2",1
"880","CLDN10","claudin 10",1
"881","CLDN14","claudin 14",1
"882","CLDN16","claudin 16",1
"883","CLU","clusterin",1
"884","COL3A1","collagen, type III, alpha 1",1
"885","CPT1A","carnitine palmitoyltransferase 1A (liver)",1
"886","CRTC2","CREB regulated transcription coactivator 2",1
"887","CRY1","cryptochrome 1 (photolyase-like)",1
"888","CSDE1","cold shock domain containing E1, RNA-binding",1
"889","CSMD3","CUB and Sushi multiple domains 3",1
"890","CTBP1","C-terminal binding protein 1",1
"891","CTBP2","C-terminal binding protein 2",1
"892","CTDSP2","CTD (carboxy-terminal domain, RNA polymerase II, polypeptide A) small phosphatase 2",1
"893","CTDSPL","CTD (carboxy-terminal domain, RNA polymerase II, polypeptide A) small phosphatase-like",1
"894","CX3CR1","chemokine (C-X3-C motif) receptor 1",1
"895","CYP26A1","cytochrome P450, family 26, subfamily A, polypeptide 1",1
"896","DBH","dopamine beta-hydroxylase (dopamine beta-monooxygenase)",1
"897","DCTN4","dynactin 4 (p62)",1
"898","DECR1","2,4-dienoyl CoA reductase 1, mitochondrial",1
"899","DEPTOR","DEP domain containing MTOR-interacting protein",1
"900","DET1","de-etiolated homolog 1 (Arabidopsis)",1
"901","DLK1","delta-like 1 homolog (Drosophila)",1
"902","DLX1","distal-less homeobox 1",1
"903","DNA2","DNA replication helicase 2 homolog (yeast)",1
"904","DR1","down-regulator of transcription 1, TBP-binding (negative cofactor 2)",1
"905","DRD2","dopamine receptor D2",1
"906","DUSP6","dual specificity phosphatase 6",1
"907","DUSP22","dual specificity phosphatase 22",1
"908","E2F5","E2F transcription factor 5, p130-binding",1
"909","E2F6","E2F transcription factor 6",1
"910","EGR2","early growth response 2",1
"911","ELF4","E74-like factor 4 (ets domain transcription factor)",1
"912","ELK4","ELK4, ETS-domain protein (SRF accessory protein 1)",1
"913","ELL3","elongation factor RNA polymerase II-like 3",1
"914","ENO1","enolase 1, (alpha)",1
"915","EPHB6","EPH receptor B6",1
"916","ERCC1","excision repair cross-complementing rodent repair deficiency, complementation group 1 (includes overlapping antisense sequence)",1
"917","ERCC2","excision repair cross-complementing rodent repair deficiency, complementation group 2",1
"918","ERCC3","excision repair cross-complementing rodent repair deficiency, complementation group 3",1
"919","ETNK2","ethanolamine kinase 2",1
"920","EVI5","ecotropic viral integration site 5",1
"921","EYA1","eyes absent homolog 1 (Drosophila)",1
"922","F2RL1","coagulation factor II (thrombin) receptor-like 1",1
"923","FAM57A","family with sequence similarity 57, member A",1
"924","FAM129A","family with sequence similarity 129, member A",1
"925","FAM163B","family with sequence similarity 163, member B",1
"926","FAS","Fas (TNF receptor superfamily, member 6)",1
"927","FAT3","FAT tumor suppressor homolog 3 (Drosophila)",1
"928","FBXO22","F-box protein 22",1
"929","FGA","fibrinogen alpha chain",1
"930","FGB","fibrinogen beta chain",1
"931","FGG","fibrinogen gamma chain",1
"932","FKBP5","FK506 binding protein 5",1
"933","FLNA","filamin A, alpha",1
"934","FOXQ1","forkhead box Q1",1
"935","FUS","fused in sarcoma",1
"936","GABARAP","GABA(A) receptor-associated protein",1
"937","GABRB1","gamma-aminobutyric acid (GABA) A receptor, beta 1",1
"938","GABRB3","gamma-aminobutyric acid (GABA) A receptor, beta 3",1
"939","GALNT2","UDP-N-acetyl-alpha-D-galactosamine:polypeptide N-acetylgalactosaminyltransferase 2 (GalNAc-T2)",1
"940","GALNT12","UDP-N-acetyl-alpha-D-galactosamine:polypeptide N-acetylgalactosaminyltransferase 12 (GalNAc-T12)",1
"941","GAS6","growth arrest-specific 6",1
"942","GCK","glucokinase (hexokinase 4)",1
"943","GDPD5","glycerophosphodiester phosphodiesterase domain containing 5",1
"944","GEMIN4","gem (nuclear organelle) associated protein 4",1
"945","GJB2","gap junction protein, beta 2, 26kDa",1
"946","GJC1","gap junction protein, gamma 1, 45kDa",1
"947","GLCCI1","glucocorticoid induced transcript 1",1
"948","GOLT1A","golgi transport 1A",1
"949","GPR3","G protein-coupled receptor 3",1
"950","GPRIN3","GPRIN family member 3",1
"951","GRHL2","grainyhead-like 2 (Drosophila)",1
"952","GRN","granulin",1
"953","GTF2H5","general transcription factor IIH, polypeptide 5",1
"954","GTF3C5","general transcription factor IIIC, polypeptide 5, 63kDa",1
"955","GUCY1A3","guanylate cyclase 1, soluble, alpha 3",1
"956","GUCY1B3","guanylate cyclase 1, soluble, beta 3",1
"957","GYPA","glycophorin A (MNS blood group)",1
"958","H3F3C","H3 histone, family 3C",1
"959","HAND1","heart and neural crest derivatives expressed 1",1
"960","HAND2","heart and neural crest derivatives expressed 2",1
"961","HAP1","huntingtin-associated protein 1",1
"962","HBZ","hemoglobin, zeta",1
"963","HCN4","hyperpolarization activated cyclic nucleotide-gated potassium channel 4",1
"964","HDAC8","histone deacetylase 8",1
"965","HDAC10","histone deacetylase 10",1
"966","HDAC11","histone deacetylase 11",1
"967","HDX","highly divergent homeobox",1
"968","HERC2","HECT and RLD domain containing E3 ubiquitin protein ligase 2",1
"969","HES5","hairy and enhancer of split 5 (Drosophila)",1
"970","HLA-B","major histocompatibility complex, class I, B",1
"971","HLTF","helicase-like transcription factor",1
"972","HMGB3","high mobility group box 3",1
"973","HMGCL","3-hydroxymethyl-3-methylglutaryl-CoA lyase",1
"974","HMGCR","3-hydroxy-3-methylglutaryl-CoA reductase",1
"975","HNF4G","hepatocyte nuclear factor 4, gamma",1
"976","HNRNPA2B1","heterogeneous nuclear ribonucleoprotein A2/B1",1
"977","HOXA4","homeobox A4",1
"978","HOXA5","homeobox A5",1
"979","HOXA6","homeobox A6",1
"980","HOXA7","homeobox A7",1
"981","HOXB13","homeobox B13",1
"982","HOXD12","homeobox D12",1
"983","HRH4","histamine receptor H4",1
"984","HUWE1","HECT, UBA and WWE domain containing 1, E3 ubiquitin protein ligase",1
"985","IDO1","indoleamine 2,3-dioxygenase 1",1
"986","IFNG","interferon, gamma",1
"987","IGLL5","immunoglobulin lambda-like polypeptide 5",1
"988","IKZF1","IKAROS family zinc finger 1 (Ikaros)",1
"989","IL1A","interleukin 1, alpha",1
"990","IL1B","interleukin 1, beta",1
"991","IL2","interleukin 2",1
"992","IL4","interleukin 4",1
"993","IL7","interleukin 7",1
"994","IL10","interleukin 10",1
"995","IL15RA","interleukin 15 receptor, alpha",1
"996","ILF2","interleukin enhancer binding factor 2",1
"997","IMPACT","impact RWD domain protein",1
"998","INSM2","insulinoma-associated 2",1
"999","IRAK1","interleukin-1 receptor-associated kinase 1",1
"1000","IRF2","interferon regulatory factor 2",1
"1001","IRF6","interferon regulatory factor 6",1
"1002","ISG15","ISG15 ubiquitin-like modifier",1
"1003","ITGAL","integrin, alpha L (antigen CD11A (p180), lymphocyte function-associated antigen 1; alpha polypeptide)",1
"1004","ITSN1","intersectin 1 (SH3 domain protein)",1
"1005","JAG1","jagged 1",1
"1006","JAK3","Janus kinase 3",1
"1007","JDP2","Jun dimerization protein 2",1
"1008","JHDM1D","jumonji C domain containing histone demethylase 1 homolog D (S. cerevisiae)",1
"1009","KAT6A","K(lysine) acetyltransferase 6A",1
"1010","KCNQ1","potassium voltage-gated channel, KQT-like subfamily, member 1",1
"1011","KDM5C","lysine (K)-specific demethylase 5C",1
"1012","KDM6A","lysine (K)-specific demethylase 6A",1
"1013","KEAP1","kelch-like ECH-associated protein 1",1
"1014","KLK3","kallikrein-related peptidase 3",1
"1015","KLLN","killin, p53-regulated DNA replication inhibitor",1
"1016","KRT7","keratin 7",1
"1017","KRT18","keratin 18",1
"1018","KRTAP19-1","keratin associated protein 19-1",1
"1019","LAMC2","laminin, gamma 2",1
"1020","LAMP1","lysosomal-associated membrane protein 1",1
"1021","LCAT","lecithin-cholesterol acyltransferase",1
"1022","LCP1","lymphocyte cytosolic protein 1 (L-plastin)",1
"1023","LEPREL1","leprecan-like 1",1
"1024","LGALS1","lectin, galactoside-binding, soluble, 1",1
"1025","LIF","leukemia inhibitory factor",1
"1026","LILRA3","leukocyte immunoglobulin-like receptor, subfamily A (without TM domain), member 3",1
"1027","LIN28A","lin-28 homolog A (C. elegans)",1
"1028","LIPC","lipase, hepatic",1
"1029","LIPG","lipase, endothelial",1
"1030","LMO1","LIM domain only 1 (rhombotin 1)",1
"1031","LOX","lysyl oxidase",1
"1032","LPCAT1","lysophosphatidylcholine acyltransferase 1",1
"1033","LPL","lipoprotein lipase",1
"1034","LPP","LIM domain containing preferred translocation partner in lipoma",1
"1035","LRP1B","low density lipoprotein receptor-related protein 1B",1
"1036","LRP4","low density lipoprotein receptor-related protein 4",1
"1037","LTA","lymphotoxin alpha (TNF superfamily, member 1)",1
"1038","MAF1","MAF1 homolog (S. cerevisiae)",1
"1039","MAFB","v-maf musculoaponeurotic fibrosarcoma oncogene homolog B (avian)",1
"1040","MAFF","v-maf musculoaponeurotic fibrosarcoma oncogene homolog F (avian)",1
"1041","MAFK","v-maf musculoaponeurotic fibrosarcoma oncogene homolog K (avian)",1
"1042","MAGI2","membrane associated guanylate kinase, WW and PDZ domain containing 2",1
"1043","MAOA","monoamine oxidase A",1
"1044","MAP3K3","mitogen-activated protein kinase kinase kinase 3",1
"1045","MAP3K4","mitogen-activated protein kinase kinase kinase 4",1
"1046","MARS","methionyl-tRNA synthetase",1
"1047","MAU2","MAU2 chromatid cohesion factor homolog (C. elegans)",1
"1048","MAVS","mitochondrial antiviral signaling protein",1
"1049","MAZ","MYC-associated zinc finger protein (purine-binding transcription factor)",1
"1050","MC4R","melanocortin 4 receptor",1
"1051","MCM2","minichromosome maintenance complex component 2",1
"1052","MDC1","mediator of DNA-damage checkpoint 1",1
"1053","MDM4","Mdm4 p53 binding protein homolog (mouse)",1
"1054","MECOM","MDS1 and EVI1 complex locus",1
"1055","MECP2","methyl CpG binding protein 2 (Rett syndrome)",1
"1056","MED12","mediator complex subunit 12",1
"1057","MEF2A","myocyte enhancer factor 2A",1
"1058","MEIS2","Meis homeobox 2",1
"1059","MFN1","mitofusin 1",1
"1060","MICA","MHC class I polypeptide-related sequence A",1
"1061","MICB","MHC class I polypeptide-related sequence B",1
"1062","MKI67","antigen identified by monoclonal antibody Ki-67",1
"1063","MLL2","myeloid/lymphoid or mixed-lineage leukemia 2",1
"1064","MLL3","myeloid/lymphoid or mixed-lineage leukemia 3",1
"1065","MLST8","MTOR associated protein, LST8 homolog (S. cerevisiae)",1
"1066","MNT","MNT, MAX dimerization protein",1
"1067","MPO","myeloperoxidase",1
"1068","MSH4","mutS homolog 4 (E. coli)",1
"1069","MSH6","mutS homolog 6 (E. coli)",1
"1070","MTMR6","myotubularin related protein 6",1
"1071","MUC5B","mucin 5B, oligomeric mucus/gel-forming",1
"1072","MXI1","MAX interactor 1, dimerization protein",1
"1073","MYOF","myoferlin",1
"1074","MYT1L","myelin transcription factor 1-like",1
"1075","NAPA","N-ethylmaleimide-sensitive factor attachment protein, alpha",1
"1076","NASP","nuclear autoantigenic sperm protein (histone-binding)",1
"1077","NDN","necdin, melanoma antigen (MAGE) family member",1
"1078","NDRG4","NDRG family member 4",1
"1079","NEDD9","neural precursor cell expressed, developmentally down-regulated 9",1
"1080","NEUROD4","neuronal differentiation 4",1
"1081","NEUROG3","neurogenin 3",1
"1082","NFE2","nuclear factor (erythroid-derived 2), 45kDa",1
"1083","NFRKB","nuclear factor related to kappaB binding protein",1
"1084","NGF","nerve growth factor (beta polypeptide)",1
"1085","NLK","nemo-like kinase",1
"1086","NOD2","nucleotide-binding oligomerization domain containing 2",1
"1087","NOTCH2","notch 2",1
"1088","NOV","nephroblastoma overexpressed",1
"1089","NOX1","NADPH oxidase 1",1
"1090","NR2F6","nuclear receptor subfamily 2, group F, member 6",1
"1091","OCLN","occludin",1
"1092","OGT","O-linked N-acetylglucosamine (GlcNAc) transferase",1
"1093","OLFM4","olfactomedin 4",1
"1094","ORC2","origin recognition complex, subunit 2",1
"1095","OSM","oncostatin M",1
"1096","OTOP1","otopetrin 1",1
"1097","PAGE5","P antigen family, member 5 (prostate associated)",1
"1098","PAH","phenylalanine hydroxylase",1
"1099","PBRM1","polybromo 1",1
"1100","PBX1","pre-B-cell leukemia homeobox 1",1
"1101","PBX2","pre-B-cell leukemia homeobox 2",1
"1102","PCF11","PCF11, cleavage and polyadenylation factor subunit, homolog (S. cerevisiae)",1
"1103","PCGF1","polycomb group ring finger 1",1
"1104","PDIA6","protein disulfide isomerase family A, member 6",1
"1105","PDS5A","PDS5, regulator of cohesion maintenance, homolog A (S. cerevisiae)",1
"1106","PDZK1IP1","PDZK1 interacting protein 1",1
"1107","PGAP3","post-GPI attachment to proteins 3",1
"1108","PGC","progastricsin (pepsinogen C)",1
"1109","PHF6","PHD finger protein 6",1
"1110","PI3","peptidase inhibitor 3, skin-derived",1
"1111","PIAS1","protein inhibitor of activated STAT, 1",1
"1112","PIAS3","protein inhibitor of activated STAT, 3",1
"1113","PICALM","phosphatidylinositol binding clathrin assembly protein",1
"1114","PIK3C2B","phosphatidylinositol-4-phosphate 3-kinase, catalytic subunit type 2 beta",1
"1115","PIK3C3","phosphatidylinositol 3-kinase, catalytic subunit type 3",1
"1116","PIK3R1","phosphoinositide-3-kinase, regulatory subunit 1 (alpha)",1
"1117","PIM1","pim-1 oncogene",1
"1118","PITX3","paired-like homeodomain 3",1
"1119","PIWIL2","piwi-like RNA-mediated gene silencing 2",1
"1120","PKD1","polycystic kidney disease 1 (autosomal dominant)",1
"1121","PLAC1","placenta-specific 1",1
"1122","PLEKHA6","pleckstrin homology domain containing, family A member 6",1
"1123","PLIN1","perilipin 1",1
"1124","PLS3","plastin 3",1
"1125","PLTP","phospholipid transfer protein",1
"1126","PMEPA1","prostate transmembrane protein, androgen induced 1",1
"1127","PNPLA6","patatin-like phospholipase domain containing 6",1
"1128","POLH","polymerase (DNA directed), eta",1
"1129","POLR2A","polymerase (RNA) II (DNA directed) polypeptide A, 220kDa",1
"1130","POPDC2","popeye domain containing 2",1
"1131","POU4F2","POU class 4 homeobox 2",1
"1132","PPP1R15B","protein phosphatase 1, regulatory subunit 15B",1
"1133","PPP2R2B","protein phosphatase 2, regulatory subunit B, beta",1
"1134","PPP6C","protein phosphatase 6, catalytic subunit",1
"1135","PRKCZ","protein kinase C, zeta",1
"1136","PRKDC","protein kinase, DNA-activated, catalytic polypeptide",1
"1137","PRPF18","PRP18 pre-mRNA processing factor 18 homolog (S. cerevisiae)",1
"1138","PSMB5","proteasome (prosome, macropain) subunit, beta type, 5",1
"1139","PTCH2","patched 2",1
"1140","RAC1","ras-related C3 botulinum toxin substrate 1 (rho family, small GTP binding protein Rac1)",1
"1141","RAE1","RAE1 RNA export 1 homolog (S. pombe)",1
"1142","RAG2","recombination activating gene 2",1
"1143","RAX","retina and anterior neural fold homeobox",1
"1144","REL","v-rel reticuloendotheliosis viral oncogene homolog (avian)",1
"1145","RETN","resistin",1
"1146","RGL3","ral guanine nucleotide dissociation stimulator-like 3",1
"1147","RGS5","regulator of G-protein signaling 5",1
"1148","RHOB","ras homolog family member B",1
"1149","RNF43","ring finger protein 43",1
"1150","ROR2","receptor tyrosine kinase-like orphan receptor 2",1
"1151","RPN1","ribophorin I",1
"1152","RPRD1B","regulation of nuclear pre-mRNA domain containing 1B",1
"1153","RPS6","ribosomal protein S6",1
"1154","RSPH6A","radial spoke head 6 homolog A (Chlamydomonas)",1
"1155","RXRA","retinoid X receptor, alpha",1
"1156","RYR2","ryanodine receptor 2 (cardiac)",1
"1157","S100A1","S100 calcium binding protein A1",1
"1158","SARDH","sarcosine dehydrogenase",1
"1159","SCARB1","scavenger receptor class B, member 1",1
"1160","SCD","stearoyl-CoA desaturase (delta-9-desaturase)",1
"1161","SCN5A","sodium channel, voltage-gated, type V, alpha subunit",1
"1162","SDS","serine dehydratase",1
"1163","SERPINE1","serpin peptidase inhibitor, clade E (nexin, plasminogen activator inhibitor type 1), member 1",1
"1164","SETBP1","SET binding protein 1",1
"1165","SETD2","SET domain containing 2",1
"1166","SEZ6L","seizure related 6 homolog (mouse)-like",1
"1167","SFPQ","splicing factor proline/glutamine-rich",1
"1168","SFRP1","secreted frizzled-related protein 1",1
"1169","SGK1","serum/glucocorticoid regulated kinase 1",1
"1170","SH2B3","SH2B adaptor protein 3",1
"1171","SH3PXD2A","SH3 and PX domains 2A",1
"1172","SI","sucrase-isomaltase (alpha-glucosidase)",1
"1173","SKP2","S-phase kinase-associated protein 2, E3 ubiquitin protein ligase",1
"1174","SLC1A2","solute carrier family 1 (glial high affinity glutamate transporter), member 2",1
"1175","SLC4A1","solute carrier family 4, anion exchanger, member 1 (erythrocyte membrane protein band 3, Diego blood group)",1
"1176","SLC16A2","solute carrier family 16, member 2 (thyroid hormone transporter)",1
"1177","SMAD1","SMAD family member 1",1
"1178","SMARCA1","SWI/SNF related, matrix associated, actin dependent regulator of chromatin, subfamily a, member 1",1
"1179","SMARCA4","SWI/SNF related, matrix associated, actin dependent regulator of chromatin, subfamily a, member 4",1
"1180","SMARCA5","SWI/SNF related, matrix associated, actin dependent regulator of chromatin, subfamily a, member 5",1
"1181","SMARCB1","SWI/SNF related, matrix associated, actin dependent regulator of chromatin, subfamily b, member 1",1
"1182","SMC1B","structural maintenance of chromosomes 1B",1
"1183","SMC4","structural maintenance of chromosomes 4",1
"1184","SMCHD1","structural maintenance of chromosomes flexible hinge domain containing 1",1
"1185","SMN1","survival of motor neuron 1, telomeric",1
"1186","SMTNL1","smoothelin-like 1",1
"1187","SMYD3","SET and MYND domain containing 3",1
"1188","SNRPE","small nuclear ribonucleoprotein polypeptide E",1
"1189","SNTB2","syntrophin, beta 2 (dystrophin-associated protein A1, 59kDa, basic component 2)",1
"1190","SNX10","sorting nexin 10",1
"1191","SOCS2","suppressor of cytokine signaling 2",1
"1192","SOD2","superoxide dismutase 2, mitochondrial",1
"1193","SOX1","SRY (sex determining region Y)-box 1",1
"1194","SOX6","SRY (sex determining region Y)-box 6",1
"1195","SOX10","SRY (sex determining region Y)-box 10",1
"1196","SP100","SP100 nuclear antigen",1
"1197","SPOP","speckle-type POZ protein",1
"1198","SPR","sepiapterin reductase (7,8-dihydrobiopterin:NADP+ oxidoreductase)",1
"1199","SPTBN1","spectrin, beta, non-erythrocytic 1",1
"1200","SQSTM1","sequestosome 1",1
"1201","SRC","v-src sarcoma (Schmidt-Ruppin A-2) viral oncogene homolog (avian)",1
"1202","SREBF1","sterol regulatory element binding transcription factor 1",1
"1203","SRI","sorcin",1
"1204","SSRP1","structure specific recognition protein 1",1
"1205","STAT2","signal transducer and activator of transcription 2, 113kDa",1
"1206","STEAP3","STEAP family member 3, metalloreductase",1
"1207","STK11","serine/threonine kinase 11",1
"1208","SULT1A1","sulfotransferase family, cytosolic, 1A, phenol-preferring, member 1",1
"1209","SUMO1","SMT3 suppressor of mif two 3 homolog 1 (S. cerevisiae)",1
"1210","SUMO2","SMT3 suppressor of mif two 3 homolog 2 (S. cerevisiae)",1
"1211","SYCP1","synaptonemal complex protein 1",1
"1212","TAL2","T-cell acute lymphocytic leukemia 2",1
"1213","TAS2R7","taste receptor, type 2, member 7",1
"1214","TAS2R42","taste receptor, type 2, member 42",1
"1215","TBK1","TANK-binding kinase 1",1
"1216","TBL1XR1","transducin (beta)-like 1 X-linked receptor 1",1
"1217","TBX1","T-box 1",1
"1218","TCEA1","transcription elongation factor A (SII), 1",1
"1219","TFB2M","transcription factor B2, mitochondrial",1
"1220","TFF3","trefoil factor 3 (intestinal)",1
"1221","TFRC","transferrin receptor (p90, CD71)",1
"1222","TGFBR1","transforming growth factor, beta receptor 1",1
"1223","TGM2","transglutaminase 2 (C polypeptide, protein-glutamine-gamma-glutamyltransferase)",1
"1224","THAP11","THAP domain containing 11",1
"1225","THEMIS","thymocyte selection associated",1
"1226","THRB","thyroid hormone receptor, beta",1
"1227","TIAM1","T-cell lymphoma invasion and metastasis 1",1
"1228","TIMM13","translocase of inner mitochondrial membrane 13 homolog (yeast)",1
"1229","TIMP1","TIMP metallopeptidase inhibitor 1",1
"1230","TLE1","transducin-like enhancer of split 1 (E(sp1) homolog, Drosophila)",1
"1231","TLE2","transducin-like enhancer of split 2 (E(sp1) homolog, Drosophila)",1
"1232","TLR4","toll-like receptor 4",1
"1233","TLX3","T-cell leukemia homeobox 3",1
"1234","TM4SF4","transmembrane 4 L six family member 4",1
"1235","TNFAIP1","tumor necrosis factor, alpha-induced protein 1 (endothelial)",1
"1236","TOP1","topoisomerase (DNA) I",1
"1237","TOPBP1","topoisomerase (DNA) II binding protein 1",1
"1238","TOX3","TOX high mobility group box family member 3",1
"1239","TP53INP1","tumor protein p53 inducible nuclear protein 1",1
"1240","TP63","tumor protein p63",1
"1241","TRAPPC9","trafficking protein particle complex 9",1
"1242","TRIB1","tribbles homolog 1 (Drosophila)",1
"1243","TRIM22","tripartite motif containing 22",1
"1244","TSPYL2","TSPY-like 2",1
"1245","U2AF1","U2 small nuclear RNA auxiliary factor 1",1
"1246","UBR5","ubiquitin protein ligase E3 component n-recognin 5",1
"1247","UHRF1","ubiquitin-like with PHD and ring finger domains 1",1
"1248","ULK1","unc-51-like kinase 1 (C. elegans)",1
"1249","USP36","ubiquitin specific peptidase 36",1
"1250","UVRAG","UV radiation resistance associated",1
"1251","VAV3","vav 3 guanine nucleotide exchange factor",1
"1252","VCAM1","vascular cell adhesion molecule 1",1
"1253","VCAN","versican",1
"1254","VEGFB","vascular endothelial growth factor B",1
"1255","VIPR2","vasoactive intestinal peptide receptor 2",1
"1256","VPS53","vacuolar protein sorting 53 homolog (S. cerevisiae)",1
"1257","VTN","vitronectin",1
"1258","WIPI1","WD repeat domain, phosphoinositide interacting 1",1
"1259","WRAP53","WD repeat containing, antisense to TP53",1
"1260","XPA","xeroderma pigmentosum, complementation group A",1
"1261","ZC3H11A","zinc finger CCCH-type containing 11A",1
"1262","ZCCHC24","zinc finger, CCHC domain containing 24",1
"1263","ZIC1","Zic family member 1",1
"1264","ZMYM3","zinc finger, MYM-type 3",1
"1265","ZNF274","zinc finger protein 274",1
"1266","ZNF384","zinc finger protein 384",1
